{
  "type": "origins:active_self",
  "entity_action": {
    "type": "origins:and",
    "actions": [
    {
        "type": "origins:play_sound",
        "sound": "minecraft:entity.cat.hiss"
    },
    {
    "type": "origins:raycast",
    "distance": 64,
    "block": true,
    "entity": true,
    "shape_type": "collider",
    "fluid_handling": "any",
    "bientity_action": {
      "type": "origins:target_action",
      "action": {
        "type": "origins:and",
        "actions": [
          {
            "type": "origins:damage",
            "source": {
              "name": "freeze.player"
            },
            "amount": 5,
            "bypasses_armor": true
          },
          {
            "type": "origins:apply_effect",
            "effect": {
              "effect": "slowness",
              "amplifier": 1,
              "duration": 20
            }
          }
            
        ]
      }
    },
"command_along_ray": "particle minecraft:spit ~ ~ ~ 0 0 0 0 1 normal"
  }
  ]
  },
  "key": {
    "key": "key.origins.primary_active",
    "continuous": true
  },
  "cooldown": 0,
  "hud_render": {
    "should_render": true
  },
  "name": "Frostbreath",
  "description": "You Breathe ICE!"
}
