{
    "name": "Frost Appearing",
    "description": "Warp to the entity you are looking at. If you miss then it will warp you to the closest entity.",
    "type": "origins:multiple",
    "activate":
    {
        "type": "origins:active_self",
        "cooldown": 160,
        "key":
        {
            "key": "key.origins.secondary_active"
        },
        "hud_render":
        {
            "should_render": true,
            "sprite_location": "origins:textures/gui/resource_bar.png",
            "bar_index": 6
        },
        "entity_action":
        {
            "type": "origins:and",
            "actions":
            [
                {
                    "type": "origins:raycast",
                    "distance": 500,
                    "block": true,
                    "entity": true,
                    "shape_type": "collider",
                    "fluid_handling": "none",
                    "bientity_action":
                    {
                        "type": "origins:target_action",
                        "action":
                        {
                            "type": "origins:execute_command",
                            "command": "tag @s add warptarget"
                        }
                    },
                    "command_step": 1
                },
                {
                    "type": "origins:execute_command",
                    "command": "summon area_effect_cloud ~ ~ ~ {Duration:100,Tags:[\"warpeffect\"]}"
                },
                {
                    "type": "origins:apply_effect",
                    "effect":
                    {
                        "effect": "levitation",
                        "duration": 50,
                        "amplifier": -2,
                        "show_particles": false,
                        "show_icon": false
                    }
                },
                {
                    "type": "origins:change_resource",
                    "resource": "*:*_toggled",
                    "change": 1,
                    "operation": "add"
                },
                {
                    "type": "origins:delay",
                    "ticks": 50,
                    "action":
                    {
                        "type": "origins:and",
                        "actions":
                        [
                            {
                                "type": "origins:if_else",
                                "condition":
                                {
                                    "type": "origins:command",
                                    "command": "execute if entity @e[tag=warptarget]",
                                    "comparison": ">=",
                                    "compare_to": 1
                                },
                                "if_action":
                                {
                                    "type": "origins:and",
                                    "actions":
                                    [
                                        {
                                            "type": "origins:execute_command",
                                            "command": "execute at @e[limit=1,sort=nearest,distance=0.1..,tag=warptarget] run tp ~ ~-2 ~"
                                        },
                                        {
                                            "type": "origins:execute_command",
                                            "command": "tag @e[limit=1,sort=nearest,distance=0.1..,tag=warptarget] remove warptarget"
                                        }
                                    ]
                                },
                                "else_action":
                                {
                                    "type": "origins:execute_command",
                                    "command": "execute at @e[limit=1,sort=nearest,distance=0.1..,tag=!warpeffect] run tp ~ ~-2 ~"
                                }
                            },
                            {
                                "type": "origins:execute_command",
                                "command": "summon area_effect_cloud ~ ~2 ~ {Duration:60,Tags:[\"warpeffect\"]}"
                            },
                            {
                                "type": "origins:apply_effect",
                                "effect":
                                {
                                    "effect": "levitation",
                                    "duration": 65,
                                    "amplifier": 0,
                                    "show_particles": false,
                                    "show_icon": false
                                }
                            },
                            {
                                "type": "origins:delay",
                                "ticks": 50,
                                "action":
                                {
                                    "type": "origins:change_resource",
                                    "resource": "*:*_toggled",
                                    "change": -1,
                                    "operation": "add"
                                }
                            }
                        ]
                    }
                }
            ]
        }
    },
    "toggled":
    {
        "type": "origins:resource",
        "min": 0,
        "max": 1,
        "start_value": 0,
        "hud_render":
        {
            "should_render": false
        },
        "min_action":
        {
            "type": "origins:and",
            "actions":
            [
                {
                    "type": "origins:execute_command",
                    "command": "team leave @s"
                },
                {
                    "type": "origins:execute_command",
                    "command": "execute if entity @a[team=!nocollide] run team remove nocollide"
                }
            ]
        },
        "max_action":
        {
            "type": "origins:and",
            "actions":
            [
                {
                    "type": "origins:execute_command",
                    "command": "team add nocollide"
                },
                {
                    "type": "origins:execute_command",
                    "command": "team modify nocollide collisionRule never"
                },
                {
                    "type": "origins:execute_command",
                    "command": "team join nocollide"
                }
            ]
        }
    },
    "particle":
    {
        "type": "origins:action_over_time",
        "interval": 1,
        "entity_action":
        {
            "type": "origins:execute_command",
            "command": "execute at @e[limit=1,sort=nearest,type=minecraft:area_effect_cloud,tag=warpeffect] run particle minecraft:squid_ink ~ ~.1 ~ .3 0 .3 0 5 normal"
        }
    },
    "phase":
    {
        "type": "origins:phasing",
        "condition":
        {
            "type": "origins:resource",
            "resource": "*:*_toggled",
            "comparison": "==",
            "compare_to": 1
        },
        "block_condition":
        {
            "type": "origins:in_tag",
            "tag": "origins:unphasable"
        },
        "blacklist": true,
        "render_type": "blindness",
        "view_distance": 1,
        "phase_down_condition":
        {
            "type": "origins:resource",
            "resource": "*:*_toggled",
            "comparison": "==",
            "compare_to": 1
        }
    },
    "airspeed":
    {
        "condition":
        {
            "type": "origins:resource",
            "resource": "*:*_toggled",
            "comparison": "==",
            "compare_to": 1
        },
        "type": "origins:modify_air_speed",
        "modifier":
        {
            "operation": "multiply_total",
            "value": -1
        }
    }
}